{
  "accuracy": 0.9519,
  "macro_f1": 0.9541,
  "classification_report": {
    "1": {
      "precision": 1.0,
      "recall": 0.8636363636363636,
      "f1-score": 0.926829268292683,
      "support": 22.0
    },
    "2": {
      "precision": 1.0,
      "recall": 1.0,
      "f1-score": 1.0,
      "support": 21.0
    },
    "3": {
      "precision": 0.96,
      "recall": 0.96,
      "f1-score": 0.96,
      "support": 25.0
    },
    "4": {
      "precision": 0.8260869565217391,
      "recall": 0.95,
      "f1-score": 0.8837209302325582,
      "support": 20.0
    },
    "5": {
      "precision": 1.0,
      "recall": 1.0,
      "f1-score": 1.0,
      "support": 16.0
    },
    "accuracy": 0.9519230769230769,
    "macro avg": {
      "precision": 0.9572173913043478,
      "recall": 0.9547272727272726,
      "f1-score": 0.9541100397050482,
      "support": 104.0
    },
    "weighted avg": {
      "precision": 0.9569397993311036,
      "recall": 0.9519230769230769,
      "f1-score": 0.9525448317989441,
      "support": 104.0
    }
  },
  "best_model": "tuned_random_forest",
  "models": {
    "tuned_random_forest": {
      "accuracy": 0.9519,
      "macro_f1": 0.9541,
      "classification_report": {
        "1": {
          "precision": 1.0,
          "recall": 0.8636363636363636,
          "f1-score": 0.926829268292683,
          "support": 22.0
        },
        "2": {
          "precision": 1.0,
          "recall": 1.0,
          "f1-score": 1.0,
          "support": 21.0
        },
        "3": {
          "precision": 0.96,
          "recall": 0.96,
          "f1-score": 0.96,
          "support": 25.0
        },
        "4": {
          "precision": 0.8260869565217391,
          "recall": 0.95,
          "f1-score": 0.8837209302325582,
          "support": 20.0
        },
        "5": {
          "precision": 1.0,
          "recall": 1.0,
          "f1-score": 1.0,
          "support": 16.0
        },
        "accuracy": 0.9519230769230769,
        "macro avg": {
          "precision": 0.9572173913043478,
          "recall": 0.9547272727272726,
          "f1-score": 0.9541100397050482,
          "support": 104.0
        },
        "weighted avg": {
          "precision": 0.9569397993311036,
          "recall": 0.9519230769230769,
          "f1-score": 0.9525448317989441,
          "support": 104.0
        }
      }
    },
    "gradient_boosting": {
      "accuracy": 0.8654,
      "macro_f1": 0.8652,
      "classification_report": {
        "1": {
          "precision": 0.8636363636363636,
          "recall": 0.8636363636363636,
          "f1-score": 0.8636363636363636,
          "support": 22.0
        },
        "2": {
          "precision": 0.8076923076923077,
          "recall": 1.0,
          "f1-score": 0.8936170212765957,
          "support": 21.0
        },
        "3": {
          "precision": 0.8695652173913043,
          "recall": 0.8,
          "f1-score": 0.8333333333333334,
          "support": 25.0
        },
        "4": {
          "precision": 0.8571428571428571,
          "recall": 0.9,
          "f1-score": 0.8780487804878049,
          "support": 20.0
        },
        "5": {
          "precision": 1.0,
          "recall": 0.75,
          "f1-score": 0.8571428571428571,
          "support": 16.0
        },
        "accuracy": 0.8653846153846154,
        "macro avg": {
          "precision": 0.8796073491725664,
          "recall": 0.8627272727272729,
          "f1-score": 0.8651556711753908,
          "support": 104.0
        },
        "weighted avg": {
          "precision": 0.8734954426844059,
          "recall": 0.8653846153846154,
          "f1-score": 0.8641783856171504,
          "support": 104.0
        }
      }
    }
  },
  "dataset_rows": 520,
  "features": [
    "sleep_quality",
    "headaches_per_week",
    "academic_performance",
    "study_load",
    "extracurricular_per_week"
  ],
  "target": "stress_level",
  "visualizations": {
    "model_accuracy": "ml/visualizations/model_accuracy.png",
    "models": {
      "tuned_random_forest": {
        "confusion_matrix": "ml/visualizations/tuned_random_forest_confusion_matrix.png",
        "feature_importance": "ml/visualizations/tuned_random_forest_feature_importance.png"
      },
      "gradient_boosting": {
        "confusion_matrix": "ml/visualizations/gradient_boosting_confusion_matrix.png",
        "feature_importance": "ml/visualizations/gradient_boosting_feature_importance.png"
      }
    }
  }
}