{
  "accuracy": 0.9327,
  "classification_report": {
    "1": {
      "precision": 1.0,
      "recall": 0.8636363636363636,
      "f1-score": 0.926829268292683,
      "support": 22.0
    },
    "2": {
      "precision": 0.9130434782608695,
      "recall": 1.0,
      "f1-score": 0.9545454545454546,
      "support": 21.0
    },
    "3": {
      "precision": 0.9259259259259259,
      "recall": 1.0,
      "f1-score": 0.9615384615384616,
      "support": 25.0
    },
    "4": {
      "precision": 0.8421052631578947,
      "recall": 0.8,
      "f1-score": 0.8205128205128205,
      "support": 20.0
    },
    "5": {
      "precision": 1.0,
      "recall": 1.0,
      "f1-score": 1.0,
      "support": 16.0
    },
    "accuracy": 0.9326923076923077,
    "macro avg": {
      "precision": 0.936214933468938,
      "recall": 0.9327272727272728,
      "f1-score": 0.932685200977884,
      "support": 104.0
    },
    "weighted avg": {
      "precision": 0.9342708312960029,
      "recall": 0.9326923076923077,
      "f1-score": 0.9315809268904954,
      "support": 104.0
    }
  },
  "dataset_rows": 520,
  "features": [
    "sleep_quality",
    "headaches_per_week",
    "academic_performance",
    "study_load",
    "extracurricular_per_week"
  ],
  "target": "stress_level"
}